concours	ecole	inscrits_nb	inscrits_filles	inscrits_cinq_demi	admissibles_nb	admissibles_filles	admissibles_cinq_demi	classes_nb	classes_filles	classes_cinq_demi	integres_nb	integres_filles	integres_cinq_demi	integres_rg_median	integres_rg_moyen	places
Concours Ecole Polytechnique	Ecole Polytechnique Info.	857	12.6	22.5	231	13.4	20.3	147	14.3	18.4	103	18.4	17.5	78	75	103
Concours Ecole Polytechnique	Ecole Polytechnique P&Si	772	20.5	29.0	192	17.7	20.8	102	22.5	14.7	81	21.0	16.0	49	49	81
Banque Ens	Ens Ulm Mpi	1694	18.8	27.9	143	6.3	25.9	95	9.5	22.1	38	10.5	21.1	34	37	38
Banque Ens	Ens Ulm Info.	362	13.5	24.9	45	11.1	24.4	25	16.0	24.0	13	15.4	30.8	12	11	13
Banque Ens	Ens Paris-Saclay Mp	1834	19.2	27.3	271	10.3	26.2	190	12.1	24.7	18	11.1	50.0	144	139	18
Banque Ens	Ens Paris-Saclay Info.	372	12.9	22.3	105	11.4	23.8	75	12.0	26.7	14	7.1	35.7	58	52	14
Banque Ens	Ens De Lyon Mpi	1831	19.7	27.9	249	9.2	28.1	159	12.6	26.4	20	5.0	35.0	92	83	20
Banque Ens	Ens De Lyon Info.	393	12.7	22.1	123	8.9	21.1	71	11.3	19.7	22	22.7	18.2	45	44	22
Banque Ens	Ens Rennes Mp	1704	19.9	28.0	309	14.6	29.1	257	16.0	28.8	12	16.7	50.0	210	207	12
Banque Ens	Ens Rennes Info.	359	13.9	22.0	101	11.9	18.8	87	12.6	19.5	8	0.0	50.0	62	57	9
Banque Centrale-Supelec	Centralesupélec - Campus Gif	3431	20.7	24.9	898	17.7	20.5	850	17.6	20.8	248	16.1	21.0	379	362	250
Banque Centrale-Supelec	Centralesupélec - Campus Gif - Étr.	202	23.3	27.7	74	13.5	25.7	74	13.5	25.7	24	20.8	45.8	46	44	20
Banque Centrale-Supelec	Centrale Lyon	3691	21.5	25.0	1107	17.4	21.9	1061	17.8	22.0	115	20.0	28.7	689	682	127
Banque Centrale-Supelec	Institut D'Optique Graduate School (Supoptique)	1646	24.5	27.9	671	22.8	24.3	636	22.2	24.4	25	24.0	4.0	477	490	40
Banque Centrale-Supelec	Institut D'Optique Graduate School (Supoptique) - Étr.	66	39.4	40.9	39	38.5	46.2	36	38.9	47.2	3	66.7	100.0	24	22	2
Banque Centrale-Supelec	Centrale Lille	3278	22.8	26.1	970	19.5	25.5	933	19.2	25.9	90	23.3	22.2	747	709	90
Banque Centrale-Supelec	Centrale Nantes	3529	22.7	25.2	853	18.2	24.4	829	18.5	24.6	111	17.1	22.5	676	652	135
Banque Centrale-Supelec	Centrale Marseille	3198	22.9	25.8	1202	20.2	23.5	1106	20.2	23.2	72	18.1	30.6	852	817	80
Banque Centrale-Supelec	Centrale Casablanca	481	20.4	34.1	61	13.1	27.9	58	13.8	29.3	0	0.0	0.0	0	0	8
Banque Centrale-Supelec	Ecole Navale Brest	517	18.0	30.8	194	13.4	43.3	78	15.4	46.2	31	6.5	51.6	31	32	31
Banque Centrale-Supelec	Ensea Cergy	1301	24.1	26.5	958	23.5	24.4	532	24.1	21.6	39	23.1	38.5	426	416	60
Banque Centrale-Supelec	Université De Technologie De Troyes (Utt)	523	23.5	24.5	167	22.2	13.2	110	20.0	11.8	0	0.0	0.0	0	0	20
Banque Centrale-Supelec	Centralesupélec - Campus Gif - Ci										25	20.0	24.0	24	23	20
Banque Centrale-Supelec	Centrale Lyon - Ci										7	28.6	14.3	43	43	8
Banque Centrale-Supelec	Centrale Lille - Ci										3	0.0	66.7	54	53	3
Banque Centrale-Supelec	Centrale Nantes - Ci										2	50.0	50.0	50	50	5
Banque Centrale-Supelec	Institut D'Optique Graduate School (Supoptique) - Ci										5	0.0	40.0	99	99	3
Banque Centrale-Supelec	Centrale Marseille - Ci										2	0.0	50.0	65	65	2
Banque Centrale-Supelec	Concours_Cycle_International_Centralesupélec	815	31.9	10.7	252	23.0	11.9	218	21.6	13.3	44					41
Banque Centrale-Supelec	Centrale Casablanca - Ci	815	31.9	10.7	252	23.0	11.9	216	21.8	13.4	12	8.3	8.3	159	166	55
Concours Commun Mines-Ponts	Ensae Paristech										55	20.0	43.6	976	943	55
Concours Commun Mines-Ponts	Ensta Paristech										58	29.3	24.1	800	772	60
Concours Commun Mines-Ponts	Imt Atlantique Cursus Sophia Antipolis										3	33.3	0.0	1333	1279	3
Concours Commun Mines-Ponts	Imt Atlantique Cursus Brest-Nantes-Rennes-Toulouse										81	24.7	13.6	1501	1478	85
Concours Commun Mines-Ponts	Isae - Supaero Toulouse										78	28.2	19.2	691	652	75
Concours Commun Mines-Ponts	Mines De Nancy										48	29.2	16.7	1139	1111	52
Concours Commun Mines-Ponts	Mines De Saint-Etienne										49	28.6	34.7	1322	1274	48
Concours Commun Mines-Ponts	Mines Paristech										48	27.1	12.5	147	141	48
Concours Commun Mines-Ponts	Ponts Paristech										75	20.0	22.7	482	443	76
Concours Commun Mines-Ponts	Telecom Paristech Cursus Paris										61	16.4	18.0	663	620	65
Concours Commun Mines-Ponts	Telecom Paristech Cursus Sophia										12	8.3	8.3	875	839	18
Concours Commun Mines-Ponts	Concours_Commun_Mines_Ponts_Mp	5713	22.8	21.3	1907	18.7	20.8	1814	18.7	20.6	568					585
Concours Communs Polytechniques	Bordeaux Inp - Ensc Cognitique										10	70.0	30.0	2428	2335	8
Concours Communs Polytechniques	Bordeaux Inp - Enseirb-Matmeca Electronique										30	36.7	16.7	2464	2452	35
Concours Communs Polytechniques	Bordeaux Inp - Enseirb-Matmeca Informatique										53	18.9	20.8	2012	1921	52
Concours Communs Polytechniques	Bordeaux Inp - Enseirb-Matmeca Mathématiques Et Mécanique										40	20.0	25.0	2066	1955	34
Concours Communs Polytechniques	Bordeaux Inp - Enseirb-Matmeca Télecom.										22	22.7	31.8	2302	2161	28
Concours Communs Polytechniques	Chimie Paristech										1	0.0	100.0	878	878	2
Concours Communs Polytechniques	Cpe Lyon Sciences Du Numérique										14	14.3	21.4	2949	2871	12
Concours Communs Polytechniques	Eisti Cergy - Pau										52	11.5	26.9	3772	3520	48
Concours Communs Polytechniques	Enac Toulouse Civil										38	31.6	44.7	1061	963	39
Concours Communs Polytechniques	Enac Toulouse Fonctionnaire										5	40.0	20.0	169	163	5
Concours Communs Polytechniques	Engees Strasbourg Civil (Apprenti)										1	100.0	0.0	1091	1091	1
Concours Communs Polytechniques	Engees Strasbourg Civil (Étudiant)										14	42.9	14.3	3287	3070	9
Concours Communs Polytechniques	Engees Strasbourg Fonctionnaire										3	0.0	33.3	2857	2875	3
Concours Communs Polytechniques	Ensc Lille										0	0.0	0.0	0	0	2
Concours Communs Polytechniques	Ensgti Pau - Energétique										13	23.1	38.5	3718	3607	10
Concours Communs Polytechniques	Ensi Poitiers - Génie De L'Eau Et Génie Civil										9	66.7	22.2	3235	2976	6
Concours Communs Polytechniques	Ensi Poitiers Energie										15	20.0	33.3	3670	3589	17
Concours Communs Polytechniques	Ensiame Valenciennes Informatique Et Génie Industriel										11	36.4	27.3	3192	3134	7
Concours Communs Polytechniques	Ensiame Valenciennes Méca Energ.										29	17.2	41.4	3495	3382	18
Concours Communs Polytechniques	Ensiame Valenciennes Mécatronique										8	12.5	25.0	3202	3143	10
Concours Communs Polytechniques	Ensicaen Electronique Et Physique Appliquée										21	33.3	14.3	3128	3108	20
Concours Communs Polytechniques	Ensicaen Informatique										26	19.2	23.1	2875	2741	30
Concours Communs Polytechniques	Ensmm Besanã§On										40	30.0	15.0	2972	2872	45
Concours Communs Polytechniques	Grenoble Inp - Ense3										59	25.4	20.3	1907	1667	70
Concours Communs Polytechniques	Grenoble Inp - Pagora										16	37.5	31.2	3499	3291	10
Concours Communs Polytechniques	Grenoble Inp - Phelma (Physique Electronique Télécoms)										49	26.5	30.6	1429	1366	58
Concours Communs Polytechniques	Grenoble Inp - Phelma (Physique Matériaux Procédés)										33	33.3	12.1	900	824	38
Concours Communs Polytechniques	Grenoble Inp - Ensimag										134	13.4	21.6	605	559	120
Concours Communs Polytechniques	Grenoble Inp - Esisar										12	8.3	16.7	2369	2249	11
Concours Communs Polytechniques	Isae-Ensma Poitiers										57	24.6	24.6	1528	1405	55
Concours Communs Polytechniques	Isima Clermont-Ferrand										33	21.2	15.2	3217	3092	40
Concours Communs Polytechniques	Lorraine Inp - Ensem - Energie										36	25.0	16.7	3260	3196	35
Concours Communs Polytechniques	Lorraine Inp - Ensem - Spécialité Des Systèmes Numériques										18	11.1	22.2	2867	2742	14
Concours Communs Polytechniques	Lorraine Inp - Ensg										5	40.0	0.0	3186	3215	5
Concours Communs Polytechniques	Lorraine Inp - Ensic										4	75.0	25.0	3334	3300	9
Concours Communs Polytechniques	Seatech Toulon										23	47.8	39.1	2827	2763	20
Concours Communs Polytechniques	Supmeca Paris										48	20.8	20.8	2382	2269	42
Concours Communs Polytechniques	Telecom Physique Strasbourg										31	35.5	25.8	2399	2404	31
Concours Communs Polytechniques	Toulouse Inp - Enseeiht - Electronique-Energie-Automatique (Eea)										25	16.0	20.0	1759	1642	31
Concours Communs Polytechniques	Toulouse Inp - Enseeiht - Mécanique Des Fluides-Energetique-Environnement (Mfee)										17	41.2	23.5	1433	1394	17
Concours Communs Polytechniques	Toulouse Inp - Enseeiht - Sciences Du Numérique										84	19.0	19.0	1231	1232	85
Concours Communs Polytechniques	Toulouse Inp - Ensiacet - Génie Des Procédés										9	44.4	11.1	2944	2866	11
Concours Communs Polytechniques	Toulouse Inp - Ensiacet - Génie Industriel										15	13.3	33.3	2712	2592	17
Concours Communs Polytechniques	Concours_Commun_Polytechnique_Mp	7483	26.4	20.3	4960	24.3	21.7	4102	24.5	22.4	1163					1160
Banque Epreuves C.C.P  Inter-Filière	Lorraine Inp - Eeigm	403	37.0	23.3	196	38.8	21.9	12	25.0	25.0	1	0.0	100.0	25	21	10
Banque Epreuves C.C.P  Inter-Filière	Ensil-Ensci Limoges Céramique Industrielle	422	35.8	21.1	285	36.8	17.9	32	43.8	12.5	3	33.3	33.3	103	100	45
Banque Epreuves C.C.P  Inter-Filière	Lorraine Inp - Ensgsi	714	39.6	19.5	371	41.5	18.1	86	48.8	26.7	15	66.7	13.3	58	62	35
Banque Epreuves C.C.P  Inter-Filière	Esm Saint-Cyr	546	17.8	28.9	178	14.6	42.1	81	7.4	46.9	27	7.4	33.3	105	102	76
Banque Epreuves C.C.P  Inter-Filière	Grenoble Inp - Génie Industriel	1496	32.1	21.3	600	31.5	24.3	145	45.5	28.3	30	60.0	26.7	158	154	80
Banque Epreuves C.C.P	Ecole De L'Air Pilote	590	21.9	28.5	208	22.6	41.3	46	17.4	60.9	15	13.3	66.7	18	17	15
Banque Epreuves C.C.P	Ecole De L'Air Base	552	23.0	29.9	202	21.8	44.6	48	20.8	66.7	1	0.0	0.0	11	11	1
Banque Epreuves C.C.P	Ecole De L'Air Méca	531	21.7	30.5	194	20.1	45.4	46	19.6	65.2	4	0.0	25.0	30	27	4
Banque Epreuves C.C.P	Ensai Rennes Civil	1838	28.5	26.3	1142	26.7	29.0	800	28.9	30.5	52	34.6	40.4	276	270	48
Banque Epreuves C.C.P	Ensai Rennes Fonctionnaire (Attaché Insee)	1222	27.7	26.8	897	27.2	29.2	644	28.3	31.2	25	24.0	44.0	416	396	25
Banque Epreuves C.C.P	Ensisa Mulhouse Informatique Et Réseaux										4	25.0	0.0	41	39	5
Banque Epreuves C.C.P	Ensisa Mulhouse Mécanique										5	0.0	40.0	56	55	5
Banque Epreuves C.C.P	Ensisa Mulhouse Automatique Et Systèmes Embarqués										5	40.0	60.0	40	36	3
Banque Epreuves C.C.P	Ensisa Mulhouse Textile Et Fibres										1	100.0	0.0	49	49	2
Banque Epreuves C.C.P	Concours_Ensisa_Mulhouse_Mp	1123	33.3	21.3	741	32.1	19.3	154	35.1	23.4	15					15
Banque Epreuves C.C.P	Lorraine Inp - Enstib	445	31.9	21.8	268	30.6	14.9	31	35.5	12.9	6	16.7	0.0	16	16	6
Banque Epreuves C.C.P	Eost Strasbourg	542	39.9	22.7	352	43.2	20.5	82	42.7	34.1	12	50.0	25.0	29	26	11
Concours Commun Tpe	Entpe Lyon Civil										20	30.0	20.0	252	226	20
Concours Commun Tpe	Entpe Lyon Fonctionnaire										30	26.7	53.3	239	216	30
Concours Commun Tpe	Concours_Tpe_Civil_Fct._Mp	2401	29.0	24.6	1496	27.5	26.1	436	38.5	25.7	50					50
Concours Commun Tpe	Entpe Lyon Etranger	2401	29.0	24.6	136	38.2	25.7	33	54.5	42.4	1	0.0	100.0	9	9	1
Concours Commun Tpe	Eivp Paris Civil	2401	29.0	24.6	1632	28.4	26.1	481	39.7	26.8	23	47.8	26.1	292	257	23
Concours Commun Tpe	Eivp Paris Fonctionnaire	2401	29.0	24.6	1496	27.5	26.1	443	38.4	25.7	4	25.0	0.0	221	242	4
Concours Commun Tpe	Imt Lille Douai Fonct.	2401	29.0	24.6	1496	27.5	26.1	436	38.5	25.7	4	50.0	25.0	187	186	4
Concours Mines - Télécom	Ensiie Evry										76	14.5	30.3	1827	1809	75
Concours Mines - Télécom	Ensta Bretagne (Filière Sous Statut Étudiant)										41	22.0	17.1	1122	1028	45
Concours Mines - Télécom	Imt Mines Albi										52	30.8	36.5	1726	1603	55
Concours Mines - Télécom	Imt Mines Alès										64	28.1	28.1	1900	1791	63
Concours Mines - Télécom	Imt Lille Douai										71	28.2	29.6	1647	1622	70
Concours Mines - Télécom	Mines Saint Etienne-Ismin										35	20.0	34.3	1475	1392	30
Concours Mines - Télécom	Télécom Physique Strasbourg Réseaux Et Télécoms										21	19.0	19.0	2286	2189	18
Concours Mines - Télécom	Télécom Physique Strasbourg Ti-Santé										8	87.5	0.0	1491	1467	8
Concours Mines - Télécom	Telecom Sudparis - Cursus Evry										92	17.4	37.0	1003	944	84
Concours Mines - Télécom	Telecom Sudparis - Cursus Sophia-Antipolis										3	66.7	0.0	904	949	4
Concours Mines - Télécom	Concours_Mines_Télécom	5106	25.1	22.5	2814	22.9	23.7	2597	23.1	23.6	463					452
Concours Mines - Télécom	Ensta Bretagne (Filière Sous Statut Ieta - Direction Générale De L'Armement)	5106	25.1	22.5	2377	21.3	25.8	2209	21.4	25.5	13	23.1	61.5	814	803	13
Concours Mines - Télécom	Ensg-Géomatique Marne La Vallée Civil										13	23.1	15.4	2241	2160	9
Concours Mines - Télécom	Enssat Lannion										28	17.9	10.7	2421	2352	25
Concours Mines - Télécom	Telecom Nancy										60	23.3	13.3	1763	1623	50
Concours Mines - Télécom	Telecom St Etienne - Statut Étudiant										30	26.7	26.7	2193	1978	21
Concours Mines - Télécom	Telecom St Etienne - Statut Apprenti										3	0.0	66.7	1125	1523	2
Concours Mines - Télécom	Concours_Mines_Télécom_Spécifique_Mp	5106	25.1	22.5	3834	24.6	22.9	3169	24.3	23.2	134					107
Concours Ensam	Arts Et Métiers - Ingénieurs Militaires	294	21.1	31.3	15	33.3	60.0	11	27.3	72.7	0	0.0	0.0	0	0	0
Concours Ensam	Arts Et Métiers - Voie De L'Apprentissage										0	0.0	0.0	0	0	1
Concours Ensam	Arts Et Métiers										44	31.8	38.6	96	91	38
Concours Ensam	Concours_Arts_Et_Mã‰Tiers	1787	26.3	24.9	250	27.2	42.8	200	29.0	40.5	44					39
Concours Estp	Estp Paris - Bâtiment (B) Â€“ Campus De Troyes										14	28.6	50.0	707	663	6
Concours Estp	Estp Paris - Bâtiment (B) - Campus De Cachan										68	33.8	23.5	532	477	62
Concours Estp	Estp Paris - Topographie (T)										11	27.3	18.2	740	712	10
Concours Estp	Estp Paris - Génie Mécanique Et Electrique(Gme)										27	22.2	29.6	693	625	24
Concours Estp	Estp Paris - Travaux Publics (Tp)										62	24.2	27.4	481	480	63
Concours Estp	Concours_Estp	1047	27.2	28.4	881	28.1	27.9	748	28.1	28.7	182					165
Concours Polytech Inter-Filière	Ensibs Lorient										4	25.0	75.0	4195	3857	12
Concours Polytech Inter-Filière	Ensim Le Mans										3	0.0	0.0	3129	3137	6
Concours Polytech Inter-Filière	Esbs Strasbourg										0	0.0	0.0	630	501	3
Concours Polytech Inter-Filière	Esgt Le Mans										0	0.0	0.0	3844	3784	15
Concours Polytech Inter-Filière	Esi Reims										3	0.0	0.0	4112	4055	10
Concours Polytech Inter-Filière	Esiab Brest										0	0.0	0.0	3958	3958	3
Concours Polytech Inter-Filière	Esipe Créteil - Génie Biomédical Et Santé (Isbs)										2	100.0	0.0	4247	4265	10
Concours Polytech Inter-Filière	Esipe Créteil - Système D'Information										4	0.0	25.0	4728	4707	4
Concours Polytech Inter-Filière	Esipe Créteil - Technologie Pour La Santé										0	0.0	0.0	0	0	2
Concours Polytech Inter-Filière	Esir Rennes										7	28.6	57.1	4056	3773	20
Concours Polytech Inter-Filière	Esirem Dijon										0	0.0	0.0	4066	3862	3
Concours Polytech Inter-Filière	Esiroi Saint Denis De La Réunion										0	0.0	0.0	5002	5002	3
Concours Polytech Inter-Filière	Esix Normandie - Caen - Cherbourg										1	0.0	0.0	4723	4615	4
Concours Polytech Inter-Filière	Isat Nevers - Département Mit (Mécanique Et Ingénierie Des Transports)										0	0.0	0.0	2261	2338	5
Concours Polytech Inter-Filière	Isat Nevers - Département Epee (Energies Et Moteurs)										4	25.0	0.0	3189	3254	12
Concours Polytech Inter-Filière	Isat Nevers - Infrastructures Et Réseaux De Transports										2	0.0	0.0	4631	4616	4
Concours Polytech Inter-Filière	Isifc Besanã§On - Génie Biomédical										4	75.0	0.0	3911	3756	6
Concours Polytech Inter-Filière	Isis Castres										0	0.0	0.0	3452	3892	5
Concours Polytech Inter-Filière	Istia Angers										1	0.0	0.0	3604	3536	4
Concours Polytech Inter-Filière	Isty Vélizy										0	0.0	0.0	5106	5106	3
Concours Polytech Inter-Filière	Polytech Annecy-Chambéry - Environnement, Bâtiment, Ã‰Nergie										4	0.0	50.0	3735	3476	15
Concours Polytech Inter-Filière	Polytech Annecy-Chambéry - Informatique Données Usages										1	0.0	0.0	4511	4294	5
Concours Polytech Inter-Filière	Polytech Annecy-Chambéry - Instrumentation, Automatique, Informatique										2	0.0	0.0	4041	3614	4
Concours Polytech Inter-Filière	Polytech Annecy-Chambéry - Mécanique, Matériaux										0	0.0	0.0	4161	4189	8
Concours Polytech Inter-Filière	Polytech Clermont-Ferrand - Génie Biologique										0	0.0	0.0	2262	2328	5
Concours Polytech Inter-Filière	Polytech Clermont-Ferrand - Génie Civil										2	0.0	0.0	4172	3663	16
Concours Polytech Inter-Filière	Polytech Clermont-Ferrand - Génie Electrique										1	0.0	100.0	4899	4908	5
Concours Polytech Inter-Filière	Polytech Clermont-Ferrand - Génie Mathématique Et Modélisation										10	10.0	30.0	4331	3958	14
Concours Polytech Inter-Filière	Polytech Clermont-Ferrand - Génie Physique										0	0.0	0.0	4786	4491	8
Concours Polytech Inter-Filière	Polytech Grenoble - Géotechnique Et Génie Civil										1	100.0	0.0	3783	3774	6
Concours Polytech Inter-Filière	Polytech Grenoble - Matériaux										1	0.0	0.0	3928	3710	8
Concours Polytech Inter-Filière	Polytech Grenoble - Prévention Des Risques										0	0.0	0.0	4729	4335	6
Concours Polytech Inter-Filière	Polytech Grenoble - Informatique Et Électronique Des Systèmes Embarqués										1	0.0	0.0	2514	2563	5
Concours Polytech Inter-Filière	Polytech Grenoble - Réseaux Informatiques										7	0.0	42.9	4295	3990	8
Concours Polytech Inter-Filière	Polytech Grenoble - Technologies De L'Information Pour La Santé										3	100.0	0.0	4503	4102	5
Concours Polytech Inter-Filière	Polytech Lille - Génie Biologique Et Alimentaire										0	0.0	0.0	4460	4218	4
Concours Polytech Inter-Filière	Polytech Lille - Génie Informatique Et Statistique										8	37.5	12.5	3714	3424	10
Concours Polytech Inter-Filière	Polytech Lille - Géotechnique, Génie Civil										2	0.0	0.0	3662	3429	10
Concours Polytech Inter-Filière	Polytech Lille - Informatique, Microélectronique, Automatique										3	0.0	33.3	3749	3695	8
Concours Polytech Inter-Filière	Polytech Lille - Ingénierie Et Commercialisation Des Systèmes De Mesure										0	0.0	0.0	4918	4918	5
Concours Polytech Inter-Filière	Polytech Lille - Matériaux										3	66.7	33.3	3248	3356	8
Concours Polytech Inter-Filière	Polytech Lille - Mécanique										2	0.0	0.0	3408	3309	10
Concours Polytech Inter-Filière	Polytech Lyon - Génie Bomédical										3	33.3	0.0	2578	2593	4
Concours Polytech Inter-Filière	Polytech Lyon - Informatique										2	0.0	50.0	2164	2054	4
Concours Polytech Inter-Filière	Polytech Lyon - Matériaux										1	100.0	100.0	2845	2821	4
Concours Polytech Inter-Filière	Polytech Lyon - Mathématiques Appliquées Et Modélisation										4	25.0	25.0	2654	2257	4
Concours Polytech Inter-Filière	Polytech Lyon - Mécanique										0	0.0	0.0	2472	2231	4
Concours Polytech Inter-Filière	Polytech Lyon - Systèmes Industriels, Robotique										3	0.0	33.3	3212	3126	4
Concours Polytech Inter-Filière	Polytech Marseille - Génie Biomédical										2	50.0	0.0	3214	2753	9
Concours Polytech Inter-Filière	Polytech Marseille - Génie Civil										4	0.0	0.0	4775	4611	12
Concours Polytech Inter-Filière	Polytech Marseille - Génie Industriel Et Informatique										6	33.3	0.0	4729	4212	8
Concours Polytech Inter-Filière	Polytech Marseille - Informatique										6	33.3	33.3	4340	4060	8
Concours Polytech Inter-Filière	Polytech Marseille - Matériaux										2	0.0	0.0	4214	4184	10
Concours Polytech Inter-Filière	Polytech Marseille - Mécanique, Energétique										3	33.3	0.0	4250	3441	16
Concours Polytech Inter-Filière	Polytech Marseille - Microélectronique,Télécommunications										4	0.0	0.0	4977	4870	8
Concours Polytech Inter-Filière	Polytech Montpellier - Informatique Et Gestion										2	50.0	100.0	3875	3444	3
Concours Polytech Inter-Filière	Polytech Montpellier - Matériaux										1	100.0	0.0	3431	3401	7
Concours Polytech Inter-Filière	Polytech Montpellier - Mécanique Et Interactions										1	0.0	0.0	3450	3356	2
Concours Polytech Inter-Filière	Polytech Montpellier - Microélectronique Et Automatique										3	66.7	0.0	2860	3040	5
Concours Polytech Inter-Filière	Polytech Montpellier - Sciences Et Technologies De L'Eau										1	0.0	100.0	3497	3351	7
Concours Polytech Inter-Filière	Polytech Montpellier Génie Biologique Et Agroalimentaire										0	0.0	0.0	2918	3121	5
Concours Polytech Inter-Filière	Polytech Nancy - Energie, Mécanique, Matériaux, Environnement										7	14.3	14.3	3503	3361	12
Concours Polytech Inter-Filière	Polytech Nancy - Ingénierie De L'Information Et Des Systèmes										1	0.0	0.0	3252	3166	2
Concours Polytech Inter-Filière	Polytech Nancy - Management Opérationnel, Maintenance, Maã®Trise Des Risques										1	100.0	0.0	4740	4775	2
Concours Polytech Inter-Filière	Polytech Nantes - Ã‰Lectronique Et Technologies Numériques										4	50.0	25.0	3491	3225	8
Concours Polytech Inter-Filière	Polytech Nantes - Ã‰Nergie Électrique										1	0.0	0.0	3819	3883	4
Concours Polytech Inter-Filière	Polytech Nantes - Génie Civil										1	0.0	0.0	2814	2573	4
Concours Polytech Inter-Filière	Polytech Nantes - Génie Des Procédés Et Bioprocédés										0	0.0	0.0	1807	1807	2
Concours Polytech Inter-Filière	Polytech Nantes - Informatique										7	0.0	14.3	3197	2958	9
Concours Polytech Inter-Filière	Polytech Nantes - Matériaux										0	0.0	0.0	2758	2507	8
Concours Polytech Inter-Filière	Polytech Nantes - Thermique, Ã‰Nergétique										2	50.0	50.0	3705	3477	7
Concours Polytech Inter-Filière	Polytech Nice-Sophia - Bâtiments										2	50.0	50.0	4118	4061	13
Concours Polytech Inter-Filière	Polytech Nice-Sophia - Ã‰Lectronique										4	0.0	0.0	4670	4415	10
Concours Polytech Inter-Filière	Polytech Nice-Sophia - Génie Biologique										0	0.0	0.0	1244	1431	3
Concours Polytech Inter-Filière	Polytech Nice-Sophia - Génie De L'Eau										1	100.0	0.0	4694	4376	10
Concours Polytech Inter-Filière	Polytech Nice-Sophia - Informatique										10	10.0	40.0	4460	4218	14
Concours Polytech Inter-Filière	Polytech Nice-Sophia - Mathématiques Appliquées, Modélisation										14	14.3	14.3	3866	3781	14
Concours Polytech Inter-Filière	Polytech Orléans - Génie Civil Et Géo-Environnement										5	20.0	20.0	4615	4406	14
Concours Polytech Inter-Filière	Polytech Orléans - Génie Industriel										3	66.7	0.0	4851	4720	12
Concours Polytech Inter-Filière	Polytech Orléans - Innovation En Conception Et Matériaux										0	0.0	0.0	4892	4774	8
Concours Polytech Inter-Filière	Polytech Orléans - Technologies Pour L'Ã‰Nergie, L'Aérospatial Et La Motorisation										5	40.0	40.0	2924	2830	14
Concours Polytech Inter-Filière	Polytech Orléans - Génie Physique Et Systèmes Embarqués										4	25.0	25.0	4091	4121	6
Concours Polytech Inter-Filière	Polytech Paris-Sud - Electronique, Energie, Systèmes										5	40.0	40.0	4063	3689	6
Concours Polytech Inter-Filière	Polytech Paris-Sud - Informatique										2	50.0	50.0	1746	1746	2
Concours Polytech Inter-Filière	Polytech Paris-Sud - Photonique Et Systèmes Optroniques										0	0.0	0.0	4623	4000	5
Concours Polytech Inter-Filière	Polytech Paris-Sud - Matériaux										2	0.0	0.0	4127	3867	4
Concours Polytech Inter-Filière	Polytech Sorbonne - Electronique Et Informatique										2	50.0	0.0	3253	3180	3
Concours Polytech Inter-Filière	Polytech Sorbonne - Informatique Et Mathématiques Appliquées										2	50.0	0.0	1872	2192	3
Concours Polytech Inter-Filière	Polytech Sorbonne - Matériaux										2	0.0	0.0	4211	3931	10
Concours Polytech Inter-Filière	Polytech Sorbonne - Robotique										1	0.0	0.0	3247	2943	5
Concours Polytech Inter-Filière	Polytech Sorbonne - Sciences De La Terre										4	0.0	25.0	4533	4215	10
Concours Polytech Inter-Filière	Polytech Tours - Ã‰Lectronique, Ã‰Nergie Électrique										1	100.0	0.0	4487	4487	2
Concours Polytech Inter-Filière	Polytech Tours - Génie De L'Aménagement Et De L'Environnement										3	100.0	33.3	4632	4453	7
Concours Polytech Inter-Filière	Polytech Tours - Informatique										8	12.5	12.5	4272	3659	7
Concours Polytech Inter-Filière	Polytech Tours - Mécanique, Conception De Systèmes										3	0.0	33.3	3852	3870	5
Concours Polytech Inter-Filière	Sup Galilée Villetaneuse										16	37.5	18.8	4166	3933	18
Concours Polytech Inter-Filière	Concours_Polytech	2784	28.7	22.6	1854	28.7	20.8	1555	28.7	22.5	257					694
Autres Écoles E3A	Ece Paris	803	30.0	20.4	687	28.8	19.9	284	31.3	19.7	47	19.1	12.8	185	168	35
Autres Écoles E3A	Efrei Paris	689	29.2	17.9	609	27.9	16.7	164	30.5	15.2	35	25.7	17.1	116	109	40
Autres Écoles E3A	Eidd Paris	479	36.1	22.1	357	34.2	20.7	196	38.3	19.4	11	27.3	54.5	180	170	25
Autres Écoles E3A	Eigsi Casablanca	66	28.8	19.7	49	28.6	16.3	14	28.6	21.4	0	0.0	0.0	0	0	5
Autres Écoles E3A	Eigsi La Rochelle	274	32.5	17.2	223	33.6	15.2	75	36.0	20.0	5	20.0	20.0	55	56	10
Autres Écoles E3A	Eil Côte D'Opale - Calais (Informatique)										2	50.0	0.0	103	103	15
Autres Écoles E3A	Eil Côte D'Opale - Longuenesse (Génie Industriel)										8	37.5	50.0	110	104	15
Autres Écoles E3A	Concours_Eil_Côte_D'Opale_Longuenesse_Calais	356	36.8	22.2	232	34.1	17.7	117	36.8	19.7	10					30
Autres Écoles E3A	Elisa Aérospace Saint Quentin (80)	355	27.6	21.7	258	27.5	20.2	99	25.3	26.3	5	0.0	0.0	82	85	12
Autres Écoles E3A	Eme	159	45.9	15.1	126	46.8	13.5	63	41.3	17.5	2	0.0	0.0	62	62	20
Autres Écoles E3A	Ensait Roubaix										8	62.5	25.0	43	42	10
Autres Écoles E3A	Ensait Roubaix - Formation En Alternance										0	0.0	0.0	0	0	1
Autres Écoles E3A	Concours_Ensait_Roubaix	393	42.5	25.4	287	38.7	23.0	51	49.0	29.4	8					11
Autres Écoles E3A	Ensil Limoges Ee	466	38.2	21.2	293	37.2	16.7	42	52.4	9.5	6	66.7	0.0	13	17	8
Autres Écoles E3A	Ensil Limoges Elt	513	30.0	21.2	306	25.8	15.4	47	14.9	14.9	7	14.3	28.6	37	30	10
Autres Écoles E3A	Ensil Limoges Matériaux	428	35.0	22.4	249	33.7	18.5	38	44.7	23.7	5	20.0	40.0	12	17	4
Autres Écoles E3A	Ensil Limoges Mécatronique	502	29.5	22.9	306	25.2	19.0	63	20.6	25.4	6	16.7	16.7	21	19	8
Autres Écoles E3A	Epf Campus Troyes										4	0.0	0.0	177	161	3
Autres Écoles E3A	Epf Campus Montpellier										5	60.0	40.0	173	141	4
Autres Écoles E3A	Epf Campus Sceaux										4	50.0	0.0	102	100	3
Autres Écoles E3A	Concours_Epf_Sceaux_Troyes_Montpellier	398	40.5	13.3	331	39.9	12.7	223	45.3	12.6	13					10
Autres Écoles E3A	Esb Nantes	110	30.0	26.4	77	28.6	26.0	11	36.4	9.1	2	50.0	0.0	6	6	8
Autres Écoles E3A	Esiea Paris - Laval	494	28.1	18.2	421	25.9	18.1	164	29.3	20.7	9	11.1	22.2	145	135	35
Autres Écoles E3A	Esiee Amiens	383	28.7	18.3	311	28.0	17.4	64	26.6	23.4	2	0.0	50.0	62	62	10
Autres Écoles E3A	Esiee Paris	462	30.5	16.5	415	30.8	15.7	144	36.8	14.6	21	28.6	14.3	94	86	20
Autres Écoles E3A	Esigelec Rouen	478	34.7	24.5	423	34.0	22.9	161	32.9	23.6	22	40.9	4.5	133	124	40
Autres Écoles E3A	Esilv Paris-La Défense	752	28.5	19.8	613	27.4	19.4	304	26.0	19.1	52	17.3	19.2	123	118	54
Autres Écoles E3A	Esitc Caen	175	39.4	17.7	130	40.8	14.6	20	40.0	25.0	6	33.3	16.7	13	11	14
Autres Écoles E3A	Estaca Laval Aéronautique Et Spatial										1	0.0	100.0	97	97	1
Autres Écoles E3A	Estaca Laval Automobile										4	0.0	0.0	159	158	2
Autres Écoles E3A	Estaca Paris-Saclay Aéronautique Et Spatial										3	0.0	33.3	63	64	3
Autres Écoles E3A	Estaca Paris-Saclay Automobile Ou Transports Guidés										6	0.0	0.0	141	129	6
Autres Écoles E3A	Concours_Estaca_Paris_Saclay/Laval	566	26.9	20.7	244	29.1	21.7	244	29.1	21.7	14					12
Autres Écoles E3A	Estia Bidart	282	35.8	18.1	224	34.4	16.1	68	30.9	20.6	11	18.2	36.4	37	37	20
Autres Écoles E3A	Imt Lille Douai En Partenariat Ispa	307	34.2	23.1	245	35.1	20.4	28	35.7	32.1	7	57.1	14.3	18	16	10
Autres Écoles E3A	Toulouse Inp - Enit	562	30.8	24.6	199	29.6	17.1	158	30.4	15.8	3	33.3	0.0	108	112	2
Autres Écoles E3A	Insa Centre Val De Loire Gsi										5	60.0	20.0	60	59	6
Autres Écoles E3A	Insa Centre Val De Loire Mri										7	14.3	71.4	76	63	10
Autres Écoles E3A	Insa Centre Val De Loire Sti										8	0.0	25.0	21	27	6
Autres Écoles E3A	Concours_Insa_Centre_Val_De_Loire	577	32.2	22.7	340	30.3	18.8	83	30.1	24.1	20					22
Autres Écoles E3A	Ismans-Groupe Cesi Le Mans	129	33.3	19.4	123	32.5	19.5	27	48.1	25.9	6	33.3	33.3	13	15	10
Autres Écoles E3A	Itech Lyon	140	44.3	25.0	105	38.1	22.9	2	50.0	50.0	0	0.0	0.0	0	0	5
Autres Écoles E3A	Paoli Tech	114	36.8	21.1	68	30.9	16.2	37	35.1	13.5	0	0.0	0.0	0	0	4
Autres Écoles E3A	Sigma Clermont-Ferrand (Ex Ifma)	412	30.1	23.3	276	29.7	22.1	68	27.9	26.5	15	26.7	13.3	24	21	16
Autres Écoles E3A	3Il Ingénieurs	241	26.1	19.1	198	24.2	15.7	65	16.9	21.5	2	0.0	0.0	59	59	20
Fesic	Ecam Lyon	715	30.8	17.8	515	29.3	16.3	67	25.4	19.4	3	33.3	33.3	61	61	20
Fesic	Ecam Rennes	715	30.8	17.8	630	29.7	17.3	40	37.5	27.5	6	33.3	33.3	32	29	12
Fesic	Ecam Strasbourg Europe	715	30.8	17.8	645	29.9	17.4	53	35.8	20.8	6	16.7	0.0	42	42	10
Fesic	Ecam-Epmi Cergy-Pontoise	715	30.8	17.8	659	29.7	17.5	112	37.5	18.8	3	33.3	33.3	98	98	20
Fesic	Esaip Angers / Aix-En-Provence	715	30.8	17.8	665	29.9	17.1	336	28.6	18.2	9	11.1	44.4	296	290	12
Fesic	Eseo Angers	715	30.8	17.8	548	29.6	16.4	344	27.9	18.9	7	14.3	14.3	332	312	15
Fesic	Hei	715	30.8	17.8	614	29.3	17.4	279	26.5	20.1	7	42.9	14.3	275	260	25
Fesic	Isen Ouest (Brest)	715	30.8	17.8	613	29.4	17.5	121	26.4	18.2	0	0.0	0.0	0	0	15
Fesic	Isen Lille	715	30.8	17.8	613	29.4	17.5	123	26.0	17.9	7	28.6	0.0	48	61	25
Fesic	Isen Méditerrannée Campus Nã®Mes										0	0.0	0.0	0	0	10
Fesic	Isen Méditerrannée Campus Toulon										8	12.5	37.5	78	76	15
Fesic	Concours_Concours_Isen_Méditerrannée_Mp	715	30.8	17.8	613	29.4	17.5	123	26.0	17.9	8					25
Fesic	Isep Paris	715	30.8	17.8	635	29.8	17.2	161	27.3	17.4	17	17.6	35.3	138	115	30
Fesic	Unilasalle Beauvais	715	30.8	17.8	635	29.8	17.2	56	26.8	19.6	0	0.0	0.0	0	0	4
Epita	Epita										26	7.7	7.7	70	95	22
Epita	Ipsa Paris										9	11.1	11.1	139	141	9
Epita	Ipsa Toulouse										8	37.5	50.0	112	114	7
Epita	Esme Sudria Paris										4	75.0	0.0	130	134	15
Epita	Concours_Epita_/_Ipsa_/_Esme_Mp	338	25.1	17.5	255	23.5	14.1	210	25.2	13.3	47					53
Cesi	Cesi Angoulãªme										0	0.0	0.0	0	0	8
Cesi	Cesi Arras										2	0.0	0.0	28	28	10
Cesi	Cesi Bordeaux										2	0.0	50.0	25	25	8
Cesi	Cesi Lyon										1	0.0	0.0	26	26	12
Cesi	Cesi Mont-Saint-Aignan										0	0.0	0.0	0	0	8
Cesi	Cesi Nancy										0	0.0	0.0	0	0	8
Cesi	Cesi Nanterre										3	33.3	66.7	24	28	20
Cesi	Cesi Saint-Nazaire										1	100.0	0.0	43	43	15
Cesi	Concours_Cesi_Ingénieur_Généraliste	180	23.3	16.7	96	27.1	16.7	49	26.5	22.4	9					89
Cesi	Cesi Aix-En-Provence										0	0.0	0.0	0	0	2
Cesi	Cesi Arras										0	0.0	0.0	0	0	4
Cesi	Cesi Bordeaux										0	0.0	0.0	0	0	2
Cesi	Cesi La Rochelle										0	0.0	0.0	0	0	2
Cesi	Cesi Lyon										1	0.0	0.0	3	3	2
Cesi	Cesi Mont-Saint-Aignan										0	0.0	0.0	0	0	2
Cesi	Cesi Nancy										0	0.0	0.0	0	0	2
Cesi	Cesi Nanterre										0	0.0	0.0	0	0	7
Cesi	Cesi Nice Sophia Antipolis										0	0.0	0.0	0	0	2
Cesi	Cesi Orléans										0	0.0	0.0	0	0	3
Cesi	Cesi Pau										0	0.0	0.0	0	0	2
Cesi	Cesi Reims										0	0.0	0.0	0	0	2
Cesi	Cesi Saint-Nazaire										0	0.0	0.0	0	0	2
Cesi	Cesi Strasbourg										0	0.0	0.0	0	0	2
Cesi	Cesi Toulouse										0	0.0	0.0	0	0	3
Cesi	Concours_Cesi_Ingénieur_En_Informatique	44	11.4	11.4	30	13.3	6.7	17	11.8	0.0	1					39
